﻿<?xml version="1.0" encoding="utf-8"?>
<?xml-stylesheet type="text/xsl" href="file:///D:/PROGRAM FILES (X86)/MICROSOFT VISUAL STUDIO 12.0/COMMON7/IDE/EXTENSIONS/MICROSOFT/ARCHITECTURE TOOLS/EXTENSIBILITY/Logging/CodeGenLog.xslt"?>
<Log xmlns="http://schemas.microsoft.com/VisualStudio/2010/CodeGen.RE.Log" Label="代码生成/文本转换记录">
  <MessageClass Name="Message" Label="消息" Option="显示提供相关信息的消息" />
  <MessageClass Name="Warning" Label="警告" Option="显示警告" />
  <MessageClass Name="Error" Label="错误" Option="显示错误" />
  <MessageClass Name="Property" Label="属性" Option="显示元数据" />
  <MessageClass Name="Diagnostic" Label="消息" Option="显示诊断消息" />
  <Message Timestamp="2016-10-27T17:21:45" Importance="High" Text="已启动代码生成或文本转换。" />
  <Error Timestamp="2016-10-27T17:21:45" Importance="High" Text="没有找到要处理的模板。  可通过从“体系结构”菜单中选择“配置默认代码生成设置...”来配置模板或者更改为其启动代码生成的选定内容。" />
  <Message Timestamp="2016-10-27T17:21:45" Importance="Diagnostic" Text="选定内容包含未绑定到模板的 15 元素。" />
  <Warning Timestamp="2016-10-27T17:21:45" Importance="Medium" Text="“DBEngine::CSqlOuter”-  (Class):  没有绑定的模板。" />
  <Message Timestamp="2016-10-27T17:21:45" Importance="Diagnostic" Text="“DBEngine::”-  (Dependency):  没有绑定的模板。" />
  <Warning Timestamp="2016-10-27T17:21:45" Importance="Medium" Text="“DBEngine::CAsynObject”-  (Class):  没有绑定的模板。" />
  <Message Timestamp="2016-10-27T17:21:45" Importance="Diagnostic" Text="“DBEngine::”-  (Dependency):  没有绑定的模板。" />
  <Warning Timestamp="2016-10-27T17:21:45" Importance="Medium" Text="“DBEngine::CAsynQueue”-  (Class):  没有绑定的模板。" />
  <Message Timestamp="2016-10-27T17:21:45" Importance="Diagnostic" Text="“DBEngine::”-  (Dependency):  没有绑定的模板。" />
  <Warning Timestamp="2016-10-27T17:21:45" Importance="Medium" Text="“DBEngine::mysql”-  (Interface):  没有绑定的模板。" />
  <Message Timestamp="2016-10-27T17:21:45" Importance="Diagnostic" Text="“DBEngine::”-  (Dependency):  没有绑定的模板。" />
  <Message Timestamp="2016-10-27T17:21:45" Importance="Diagnostic" Text="“DBEngine::”-  (Association):  没有绑定的模板。" />
  <Warning Timestamp="2016-10-27T17:21:45" Importance="Medium" Text="“DBEngine::CDBServerScheme”-  (Class):  没有绑定的模板。" />
  <Message Timestamp="2016-10-27T17:21:45" Importance="Diagnostic" Text="“DBEngine::”-  (Dependency):  没有绑定的模板。" />
  <Warning Timestamp="2016-10-27T17:21:45" Importance="Medium" Text="“DBEngine::CDBManager”-  (Class):  没有绑定的模板。" />
  <Message Timestamp="2016-10-27T17:21:45" Importance="Diagnostic" Text="“DBEngine::”-  (Association):  没有绑定的模板。" />
  <Warning Timestamp="2016-10-27T17:21:45" Importance="Medium" Text="“DBEngine::CDBEngine”-  (Class):  没有绑定的模板。" />
  <Warning Timestamp="2016-10-27T17:21:45" Importance="Medium" Text="“DBEngine::MYSQL”-  (Class):  没有绑定的模板。" />
  <Message Timestamp="2016-10-27T17:21:45" Importance="High" Text="代码生成完成。错误:  1。警告:  8。" />
</Log>